seq,round,bench,status,kind,name,median,mean,min,p95
1,0,prime-boid,OK,stage,GridBuildSystem,86.70,91.07,71.80,126.10
1,0,prime-boid,OK,stage,BoidSystem,524.00,566.15,493.00,662.40
1,0,prime-boid,OK,stage,MovementSystem,52.40,52.21,23.60,80.10
1,0,prime-boid,OK,stage,ApplyWorldBounds,51.70,53.53,49.80,67.40
1,0,prime-boid,OK,stage,CollisionSystem,345.90,345.46,300.20,408.40
1,0,prime-boid,OK,stage,ApplyCommands,0.10,0.09,0.00,0.20
1,0,prime-boid,OK,frame,frame,1080.80,1108.52,966.60,1271.70
1,0,prime-boid,OK,count,events_published,1021.00,1006.00,900.00,1057.00
1,0,prime-boid,OK,count,events_dropped,0.00,0.00,0.00,0.00
2,0,prime-survivor,OK,stage,SpawnEnemies,0.00,0.15,0.00,0.80
2,0,prime-survivor,OK,stage,FireBullets,0.20,0.34,0.00,0.80
2,0,prime-survivor,OK,stage,Movement,28.30,34.83,4.80,90.70
2,0,prime-survivor,OK,stage,GridBuild,40.80,49.53,14.00,111.90
2,0,prime-survivor,OK,stage,Hit,23.40,31.13,8.00,81.40
2,0,prime-survivor,OK,stage,DispatchEvents,0.30,0.44,0.00,0.90
2,0,prime-survivor,OK,stage,Lifetime,0.30,0.31,0.10,0.50
2,0,prime-survivor,OK,stage,Collect,0.20,0.25,0.10,0.40
2,0,prime-survivor,OK,stage,Reach,1.10,1.13,0.70,1.70
2,0,prime-survivor,OK,stage,ApplyCommands,0.30,0.33,0.00,0.70
2,0,prime-survivor,OK,frame,frame,112.50,119.04,41.20,213.50
2,0,prime-survivor,OK,count,created,1.00,0.93,0.00,3.00
2,0,prime-survivor,OK,count,destroyed,1.00,0.95,0.00,3.00
2,0,prime-survivor,OK,count,commands_applied,1.00,1.31,0.00,6.00
2,0,prime-survivor,OK,count,hits_delivered,0.00,0.32,0.00,1.00
2,0,prime-survivor,OK,count,alive,221.00,220.95,219.00,223.00
3,0,prime-wake,OK,wake,A_kick1_poll_total,4.70,4.48,3.20,5.30
3,0,prime-wake,OK,wake,A_kick1_poll_to_start,4.50,4.30,3.10,5.00
3,0,prime-wake,OK,wake,B_kick1_waitfor,1.80,1.67,1.10,2.00
3,0,prime-wake,OK,wake,C_kick20_waitfor_total,15.70,26.75,4.90,111.40
3,0,prime-wake,OK,wake,C_kick20_kick_part,13.10,26.14,4.10,111.30
4,1,boid,OK,stage,GridBuildSystem,96.90,97.36,68.60,126.50
4,1,boid,OK,stage,BoidSystem,510.30,532.51,430.00,640.20
4,1,boid,OK,stage,MovementSystem,50.60,57.46,25.10,105.60
4,1,boid,OK,stage,ApplyWorldBounds,50.50,55.56,49.40,77.10
4,1,boid,OK,stage,CollisionSystem,324.00,335.56,292.80,395.70
4,1,boid,OK,stage,ApplyCommands,0.10,0.09,0.00,0.20
4,1,boid,OK,frame,frame,1052.90,1078.54,898.60,1256.50
4,1,boid,OK,count,events_published,755.00,773.26,445.00,1000.00
4,1,boid,OK,count,events_dropped,0.00,0.00,0.00,0.00
5,1,small,OK,stage,SpawnEnemies,0.00,0.17,0.00,0.70
5,1,small,OK,stage,FireBullets,0.10,0.24,0.00,0.60
5,1,small,OK,stage,Movement,37.90,43.01,4.20,90.00
5,1,small,OK,stage,GridBuild,46.50,51.59,10.20,98.90
5,1,small,OK,stage,Hit,37.40,40.82,5.90,86.20
5,1,small,OK,stage,DispatchEvents,0.20,0.38,0.00,0.80
5,1,small,OK,stage,Lifetime,0.20,0.35,0.10,0.40
5,1,small,OK,stage,Collect,0.20,0.28,0.00,0.40
5,1,small,OK,stage,Reach,0.80,1.25,0.70,4.10
5,1,small,OK,stage,ApplyCommands,0.20,0.33,0.00,0.70
5,1,small,OK,frame,frame,131.80,138.86,22.10,224.00
5,1,small,OK,count,created,1.00,0.89,0.00,3.00
5,1,small,OK,count,destroyed,1.00,0.89,0.00,3.00
5,1,small,OK,count,commands_applied,1.00,1.10,0.00,6.00
5,1,small,OK,count,hits_delivered,0.00,0.33,0.00,1.00
5,1,small,OK,count,alive,220.00,220.00,216.00,222.00
6,1,large,OK,stage,SpawnEnemies,0.00,0.32,0.00,1.90
6,1,large,OK,stage,FireBullets,0.60,0.53,0.00,1.30
6,1,large,OK,stage,Movement,30.60,38.89,10.10,81.00
6,1,large,OK,stage,GridBuild,50.40,56.35,22.10,103.00
6,1,large,OK,stage,Hit,54.10,56.77,17.80,102.50
6,1,large,OK,stage,DispatchEvents,0.70,1.12,0.10,4.60
6,1,large,OK,stage,Lifetime,0.90,1.21,0.60,2.10
6,1,large,OK,stage,Collect,0.30,0.37,0.10,0.50
6,1,large,OK,stage,Reach,6.80,7.16,6.50,8.00
6,1,large,OK,stage,ApplyCommands,1.20,1.21,0.00,2.20
6,1,large,OK,frame,frame,158.20,164.38,79.40,247.80
6,1,large,OK,count,created,10.00,9.27,0.00,31.00
6,1,large,OK,count,destroyed,9.00,9.27,0.00,20.00
6,1,large,OK,count,commands_applied,12.00,13.01,0.00,28.00
6,1,large,OK,count,hits_delivered,5.00,5.74,0.00,14.00
6,1,large,OK,count,alive,2247.00,2248.54,2226.00,2267.00
7,2,boid,OK,stage,GridBuildSystem,84.80,87.86,70.20,107.20
7,2,boid,OK,stage,BoidSystem,446.20,490.92,422.00,644.90
7,2,boid,OK,stage,MovementSystem,40.80,46.24,22.40,84.40
7,2,boid,OK,stage,ApplyWorldBounds,50.10,52.17,49.50,60.00
7,2,boid,OK,stage,CollisionSystem,314.50,324.13,273.80,395.10
7,2,boid,OK,stage,ApplyCommands,0.10,0.09,0.00,0.10
7,2,boid,OK,frame,frame,961.20,1001.41,864.60,1256.90
7,2,boid,OK,count,events_published,737.00,770.85,480.00,1009.00
7,2,boid,OK,count,events_dropped,0.00,0.00,0.00,0.00
8,2,small,OK,stage,SpawnEnemies,0.00,0.17,0.00,0.70
8,2,small,OK,stage,FireBullets,0.10,0.25,0.00,0.60
8,2,small,OK,stage,Movement,35.70,39.88,4.60,86.40
8,2,small,OK,stage,GridBuild,43.90,49.49,9.80,96.90
8,2,small,OK,stage,Hit,26.70,34.64,6.40,85.20
8,2,small,OK,stage,DispatchEvents,0.20,0.44,0.00,0.80
8,2,small,OK,stage,Lifetime,0.20,0.36,0.00,0.40
8,2,small,OK,stage,Collect,0.20,0.32,0.00,0.40
8,2,small,OK,stage,Reach,0.80,1.29,0.70,4.60
8,2,small,OK,stage,ApplyCommands,0.20,0.37,0.00,0.70
8,2,small,OK,frame,frame,121.30,127.64,22.20,211.10
8,2,small,OK,count,created,1.00,0.89,0.00,3.00
8,2,small,OK,count,destroyed,1.00,0.89,0.00,3.00
8,2,small,OK,count,commands_applied,1.00,1.10,0.00,6.00
8,2,small,OK,count,hits_delivered,0.00,0.33,0.00,1.00
8,2,small,OK,count,alive,220.00,220.00,216.00,222.00
9,2,large,OK,stage,SpawnEnemies,0.00,0.33,0.00,1.90
9,2,large,OK,stage,FireBullets,0.70,0.53,0.00,1.30
9,2,large,OK,stage,Movement,31.00,39.15,9.20,82.90
9,2,large,OK,stage,GridBuild,47.80,54.00,19.40,101.40
9,2,large,OK,stage,Hit,49.50,53.39,15.20,100.70
9,2,large,OK,stage,DispatchEvents,0.70,1.01,0.10,1.90
9,2,large,OK,stage,Lifetime,0.90,1.16,0.50,1.90
9,2,large,OK,stage,Collect,0.30,0.32,0.10,0.50
9,2,large,OK,stage,Reach,6.80,7.21,6.50,7.60
9,2,large,OK,stage,ApplyCommands,1.20,1.26,0.00,2.10
9,2,large,OK,frame,frame,152.20,158.79,73.30,244.50
9,2,large,OK,count,created,10.00,9.27,0.00,31.00
9,2,large,OK,count,destroyed,8.00,9.27,0.00,20.00
9,2,large,OK,count,commands_applied,12.00,13.03,0.00,27.00
9,2,large,OK,count,hits_delivered,5.00,5.63,0.00,13.00
9,2,large,OK,count,alive,2246.00,2247.93,2221.00,2266.00
10,3,boid,OK,stage,GridBuildSystem,87.30,88.69,68.10,107.70
10,3,boid,OK,stage,BoidSystem,450.30,503.51,419.90,736.70
10,3,boid,OK,stage,MovementSystem,38.00,45.02,22.00,84.00
10,3,boid,OK,stage,ApplyWorldBounds,50.10,52.06,49.50,59.80
10,3,boid,OK,stage,CollisionSystem,316.20,328.92,279.60,404.00
10,3,boid,OK,stage,ApplyCommands,0.10,0.08,0.00,0.20
10,3,boid,OK,frame,frame,963.20,1018.28,871.30,1335.70
10,3,boid,OK,count,events_published,757.00,767.60,455.00,990.00
10,3,boid,OK,count,events_dropped,0.00,0.00,0.00,0.00
11,3,small,OK,stage,SpawnEnemies,0.00,0.14,0.00,0.60
11,3,small,OK,stage,FireBullets,0.10,0.25,0.00,0.60
11,3,small,OK,stage,Movement,31.40,36.35,4.10,82.30
11,3,small,OK,stage,GridBuild,40.00,45.62,10.10,90.20
11,3,small,OK,stage,Hit,18.60,29.27,5.90,79.40
11,3,small,OK,stage,DispatchEvents,0.20,0.43,0.00,0.80
11,3,small,OK,stage,Lifetime,0.20,0.34,0.10,0.40
11,3,small,OK,stage,Collect,0.20,0.24,0.00,0.40
11,3,small,OK,stage,Reach,0.80,1.24,0.70,4.40
11,3,small,OK,stage,ApplyCommands,0.20,0.29,0.00,0.70
11,3,small,OK,frame,frame,108.00,114.65,22.40,193.50
11,3,small,OK,count,created,1.00,0.89,0.00,3.00
11,3,small,OK,count,destroyed,1.00,0.89,0.00,3.00
11,3,small,OK,count,commands_applied,1.00,1.10,0.00,6.00
11,3,small,OK,count,hits_delivered,0.00,0.33,0.00,1.00
11,3,small,OK,count,alive,220.00,220.00,216.00,222.00
12,3,large,OK,stage,SpawnEnemies,0.00,0.32,0.00,1.90
12,3,large,OK,stage,FireBullets,0.70,0.52,0.00,1.30
12,3,large,OK,stage,Movement,29.90,35.93,8.80,78.30
12,3,large,OK,stage,GridBuild,42.10,47.69,18.40,93.10
12,3,large,OK,stage,Hit,33.10,41.18,13.80,88.30
12,3,large,OK,stage,DispatchEvents,0.70,0.90,0.10,1.40
12,3,large,OK,stage,Lifetime,0.90,1.11,0.60,1.50
12,3,large,OK,stage,Collect,0.30,0.30,0.10,0.50
12,3,large,OK,stage,Reach,6.80,7.16,6.50,8.70
12,3,large,OK,stage,ApplyCommands,1.10,1.16,0.00,2.10
12,3,large,OK,frame,frame,128.40,136.61,55.40,215.50
12,3,large,OK,count,created,10.00,9.28,0.00,31.00
12,3,large,OK,count,destroyed,9.00,9.28,0.00,20.00
12,3,large,OK,count,commands_applied,13.00,13.06,0.00,27.00
12,3,large,OK,count,hits_delivered,5.00,5.64,0.00,13.00
12,3,large,OK,count,alive,2246.00,2247.97,2225.00,2266.00
13,4,boid,OK,stage,GridBuildSystem,89.80,91.04,69.70,111.90
13,4,boid,OK,stage,BoidSystem,444.60,479.46,423.40,639.40
13,4,boid,OK,stage,MovementSystem,42.60,48.94,22.50,99.10
13,4,boid,OK,stage,ApplyWorldBounds,50.10,51.78,49.50,59.10
13,4,boid,OK,stage,CollisionSystem,312.40,322.03,255.00,392.00
13,4,boid,OK,stage,ApplyCommands,0.10,0.08,0.00,0.10
13,4,boid,OK,frame,frame,959.40,993.32,850.00,1213.40
13,4,boid,OK,count,events_published,751.00,766.18,454.00,988.00
13,4,boid,OK,count,events_dropped,0.00,0.00,0.00,0.00
14,4,small,OK,stage,SpawnEnemies,0.00,0.24,0.00,0.70
14,4,small,OK,stage,FireBullets,0.10,0.39,0.00,0.70
14,4,small,OK,stage,Movement,44.70,48.23,4.90,96.10
14,4,small,OK,stage,GridBuild,53.10,57.51,10.30,106.20
14,4,small,OK,stage,Hit,52.00,55.21,6.00,103.50
14,4,small,OK,stage,DispatchEvents,0.20,0.69,0.00,3.60
14,4,small,OK,stage,Lifetime,0.20,0.53,0.10,0.50
14,4,small,OK,stage,Collect,0.20,0.45,0.00,0.40
14,4,small,OK,stage,Reach,0.80,1.82,0.70,7.90
14,4,small,OK,stage,ApplyCommands,0.20,0.50,0.00,0.80
14,4,small,OK,frame,frame,159.00,166.23,23.60,249.70
14,4,small,OK,count,created,1.00,0.89,0.00,3.00
14,4,small,OK,count,destroyed,1.00,0.89,0.00,3.00
14,4,small,OK,count,commands_applied,1.00,1.10,0.00,6.00
14,4,small,OK,count,hits_delivered,0.00,0.33,0.00,1.00
14,4,small,OK,count,alive,220.00,220.00,216.00,222.00
15,4,large,OK,stage,SpawnEnemies,0.00,0.33,0.00,1.90
15,4,large,OK,stage,FireBullets,0.60,0.55,0.00,1.40
15,4,large,OK,stage,Movement,34.50,41.18,9.60,85.40
15,4,large,OK,stage,GridBuild,52.50,58.59,19.90,109.40
15,4,large,OK,stage,Hit,53.60,57.83,14.90,105.70
15,4,large,OK,stage,DispatchEvents,0.70,1.05,0.10,2.20
15,4,large,OK,stage,Lifetime,0.90,1.21,0.60,2.20
15,4,large,OK,stage,Collect,0.30,0.37,0.10,0.50
15,4,large,OK,stage,Reach,6.80,7.30,6.50,10.10
15,4,large,OK,stage,ApplyCommands,1.20,1.30,0.00,2.40
15,4,large,OK,frame,frame,161.60,170.15,74.50,263.00
15,4,large,OK,count,created,10.00,9.27,0.00,31.00
15,4,large,OK,count,destroyed,9.00,9.27,0.00,20.00
15,4,large,OK,count,commands_applied,13.00,13.00,0.00,27.00
15,4,large,OK,count,hits_delivered,5.00,5.64,0.00,13.00
15,4,large,OK,count,alive,2246.00,2247.99,2228.00,2266.00
16,5,boid,OK,stage,GridBuildSystem,89.90,91.05,70.00,109.50
16,5,boid,OK,stage,BoidSystem,454.90,498.63,424.80,706.80
16,5,boid,OK,stage,MovementSystem,37.80,42.82,22.50,82.40
16,5,boid,OK,stage,ApplyWorldBounds,50.10,51.37,49.50,55.90
16,5,boid,OK,stage,CollisionSystem,315.60,326.37,280.90,398.80
16,5,boid,OK,stage,ApplyCommands,0.10,0.08,0.00,0.10
16,5,boid,OK,frame,frame,972.30,1010.31,873.30,1250.00
16,5,boid,OK,count,events_published,746.00,764.70,466.00,983.00
16,5,boid,OK,count,events_dropped,0.00,0.00,0.00,0.00
17,5,small,OK,stage,SpawnEnemies,0.00,0.15,0.00,0.70
17,5,small,OK,stage,FireBullets,0.10,0.22,0.00,0.60
17,5,small,OK,stage,Movement,36.10,40.58,5.20,85.30
17,5,small,OK,stage,GridBuild,45.50,50.34,10.30,96.50
17,5,small,OK,stage,Hit,27.50,35.20,6.70,82.40
17,5,small,OK,stage,DispatchEvents,0.20,0.43,0.00,0.80
17,5,small,OK,stage,Lifetime,0.20,0.34,0.10,0.40
17,5,small,OK,stage,Collect,0.20,0.29,0.00,0.40
17,5,small,OK,stage,Reach,0.80,1.09,0.70,1.80
17,5,small,OK,stage,ApplyCommands,0.20,0.31,0.00,0.70
17,5,small,OK,frame,frame,123.00,129.38,23.80,206.10
17,5,small,OK,count,created,1.00,0.89,0.00,3.00
17,5,small,OK,count,destroyed,1.00,0.89,0.00,3.00
17,5,small,OK,count,commands_applied,1.00,1.10,0.00,6.00
17,5,small,OK,count,hits_delivered,0.00,0.33,0.00,1.00
17,5,small,OK,count,alive,220.00,220.00,216.00,222.00
18,5,large,OK,stage,SpawnEnemies,0.00,0.33,0.00,1.90
18,5,large,OK,stage,FireBullets,0.70,0.56,0.00,1.30
18,5,large,OK,stage,Movement,29.70,38.62,9.60,81.10
18,5,large,OK,stage,GridBuild,49.80,55.93,19.10,101.50
18,5,large,OK,stage,Hit,54.30,57.08,15.30,103.80
18,5,large,OK,stage,DispatchEvents,0.70,1.05,0.10,4.20
18,5,large,OK,stage,Lifetime,0.90,1.22,0.60,3.70
18,5,large,OK,stage,Collect,0.30,0.36,0.10,0.50
18,5,large,OK,stage,Reach,6.80,7.19,6.50,8.70
18,5,large,OK,stage,ApplyCommands,1.20,1.23,0.00,2.10
18,5,large,OK,frame,frame,158.30,164.09,81.30,244.20
18,5,large,OK,count,created,10.00,9.28,0.00,31.00
18,5,large,OK,count,destroyed,8.00,9.28,0.00,20.00
18,5,large,OK,count,commands_applied,13.00,13.09,0.00,28.00
18,5,large,OK,count,hits_delivered,5.00,5.62,0.00,13.00
18,5,large,OK,count,alive,2245.00,2247.10,2224.00,2265.00
19,6,boid,OK,stage,GridBuildSystem,88.20,88.98,69.70,105.30
19,6,boid,OK,stage,BoidSystem,451.40,478.47,423.80,618.70
19,6,boid,OK,stage,MovementSystem,41.10,44.82,22.80,85.10
19,6,boid,OK,stage,ApplyWorldBounds,50.00,51.42,49.50,63.50
19,6,boid,OK,stage,CollisionSystem,310.10,316.70,252.90,391.20
19,6,boid,OK,stage,ApplyCommands,0.10,0.08,0.00,0.10
19,6,boid,OK,frame,frame,950.70,980.47,857.40,1170.20
19,6,boid,OK,count,events_published,743.00,766.60,441.00,976.00
19,6,boid,OK,count,events_dropped,0.00,0.00,0.00,0.00
20,6,small,OK,stage,SpawnEnemies,0.00,0.14,0.00,0.70
20,6,small,OK,stage,FireBullets,0.10,0.23,0.00,0.60
20,6,small,OK,stage,Movement,33.90,38.35,5.50,81.70
20,6,small,OK,stage,GridBuild,42.10,47.05,12.90,92.70
20,6,small,OK,stage,Hit,22.40,31.57,6.40,77.90
20,6,small,OK,stage,DispatchEvents,0.20,0.40,0.00,0.70
20,6,small,OK,stage,Lifetime,0.20,0.33,0.10,0.40
20,6,small,OK,stage,Collect,0.20,0.27,0.10,0.40
20,6,small,OK,stage,Reach,0.80,1.18,0.70,3.80
20,6,small,OK,stage,ApplyCommands,0.20,0.30,0.00,0.70
20,6,small,OK,frame,frame,114.30,120.26,29.60,199.30
20,6,small,OK,count,created,1.00,0.89,0.00,3.00
20,6,small,OK,count,destroyed,1.00,0.89,0.00,3.00
20,6,small,OK,count,commands_applied,1.00,1.10,0.00,6.00
20,6,small,OK,count,hits_delivered,0.00,0.33,0.00,1.00
20,6,small,OK,count,alive,220.00,220.00,216.00,222.00
21,6,large,OK,stage,SpawnEnemies,0.00,0.32,0.00,1.80
21,6,large,OK,stage,FireBullets,0.60,0.53,0.00,1.30
21,6,large,OK,stage,Movement,29.60,37.86,11.00,79.10
21,6,large,OK,stage,GridBuild,50.50,55.60,18.80,99.60
21,6,large,OK,stage,Hit,53.00,55.32,16.80,98.30
21,6,large,OK,stage,DispatchEvents,0.70,1.08,0.10,4.30
21,6,large,OK,stage,Lifetime,0.90,1.14,0.60,2.20
21,6,large,OK,stage,Collect,0.30,0.35,0.10,0.50
21,6,large,OK,stage,Reach,6.70,7.16,6.50,9.50
21,6,large,OK,stage,ApplyCommands,1.10,1.20,0.00,2.10
21,6,large,OK,frame,frame,156.30,161.00,74.70,237.50
21,6,large,OK,count,created,10.00,9.27,0.00,31.00
21,6,large,OK,count,destroyed,9.00,9.27,0.00,20.00
21,6,large,OK,count,commands_applied,12.00,13.02,0.00,27.00
21,6,large,OK,count,hits_delivered,5.00,5.67,0.00,13.00
21,6,large,OK,count,alive,2247.00,2248.16,2227.00,2266.00
22,7,boid,OK,stage,GridBuildSystem,86.60,90.09,67.60,120.40
22,7,boid,OK,stage,BoidSystem,453.10,513.14,421.00,751.00
22,7,boid,OK,stage,MovementSystem,39.20,46.18,22.10,94.70
22,7,boid,OK,stage,ApplyWorldBounds,50.30,52.03,49.50,62.90
22,7,boid,OK,stage,CollisionSystem,315.80,324.82,279.70,401.60
22,7,boid,OK,stage,ApplyCommands,0.10,0.07,0.00,0.10
22,7,boid,OK,frame,frame,973.70,1026.34,877.50,1302.70
22,7,boid,OK,count,events_published,737.00,758.67,422.00,972.00
22,7,boid,OK,count,events_dropped,0.00,0.00,0.00,0.00
23,7,small,OK,stage,SpawnEnemies,0.00,0.15,0.00,0.70
23,7,small,OK,stage,FireBullets,0.10,0.25,0.00,0.60
23,7,small,OK,stage,Movement,38.40,41.93,4.70,85.30
23,7,small,OK,stage,GridBuild,46.60,51.50,10.90,96.40
23,7,small,OK,stage,Hit,36.60,39.12,6.30,82.60
23,7,small,OK,stage,DispatchEvents,0.20,0.39,0.00,0.70
23,7,small,OK,stage,Lifetime,0.20,0.34,0.10,0.40
23,7,small,OK,stage,Collect,0.20,0.28,0.10,0.40
23,7,small,OK,stage,Reach,0.80,1.19,0.70,4.10
23,7,small,OK,stage,ApplyCommands,0.20,0.30,0.00,0.70
23,7,small,OK,frame,frame,131.00,135.86,24.10,209.30
23,7,small,OK,count,created,1.00,0.89,0.00,3.00
23,7,small,OK,count,destroyed,1.00,0.89,0.00,3.00
23,7,small,OK,count,commands_applied,1.00,1.10,0.00,6.00
23,7,small,OK,count,hits_delivered,0.00,0.33,0.00,1.00
23,7,small,OK,count,alive,220.00,220.00,216.00,222.00
24,7,large,OK,stage,SpawnEnemies,0.00,0.32,0.00,1.90
24,7,large,OK,stage,FireBullets,0.60,0.54,0.00,1.30
24,7,large,OK,stage,Movement,32.20,38.74,10.20,79.80
24,7,large,OK,stage,GridBuild,49.00,54.49,19.20,100.70
24,7,large,OK,stage,Hit,52.80,56.05,15.30,103.20
24,7,large,OK,stage,DispatchEvents,0.70,1.03,0.10,3.20
24,7,large,OK,stage,Lifetime,0.90,1.15,0.60,1.30
24,7,large,OK,stage,Collect,0.30,0.34,0.10,0.50
24,7,large,OK,stage,Reach,6.70,7.08,6.40,7.70
24,7,large,OK,stage,ApplyCommands,1.10,1.19,0.00,2.10
24,7,large,OK,frame,frame,156.40,161.45,75.80,239.90
24,7,large,OK,count,created,10.00,9.27,0.00,31.00
24,7,large,OK,count,destroyed,8.00,9.26,0.00,20.00
24,7,large,OK,count,commands_applied,13.00,12.99,0.00,27.00
24,7,large,OK,count,hits_delivered,5.00,5.70,0.00,13.00
24,7,large,OK,count,alive,2247.00,2248.37,2225.00,2267.00
25,8,boid,OK,stage,GridBuildSystem,80.10,84.53,70.10,106.90
25,8,boid,OK,stage,BoidSystem,454.90,514.24,412.90,764.30
25,8,boid,OK,stage,MovementSystem,40.80,48.77,22.80,100.70
25,8,boid,OK,stage,ApplyWorldBounds,50.20,52.10,49.50,60.40
25,8,boid,OK,stage,CollisionSystem,321.20,330.28,279.00,421.20
25,8,boid,OK,stage,ApplyCommands,0.10,0.08,0.00,0.10
25,8,boid,OK,frame,frame,978.80,1030.00,867.40,1326.20
25,8,boid,OK,count,events_published,744.00,763.58,467.00,998.00
25,8,boid,OK,count,events_dropped,0.00,0.00,0.00,0.00
26,8,small,OK,stage,SpawnEnemies,0.00,0.15,0.00,0.70
26,8,small,OK,stage,FireBullets,0.10,0.24,0.00,0.60
26,8,small,OK,stage,Movement,38.10,42.52,5.00,87.80
26,8,small,OK,stage,GridBuild,46.20,50.95,13.90,97.50
26,8,small,OK,stage,Hit,36.80,39.37,6.60,84.40
26,8,small,OK,stage,DispatchEvents,0.20,0.43,0.00,0.80
26,8,small,OK,stage,Lifetime,0.20,0.36,0.10,0.40
26,8,small,OK,stage,Collect,0.20,0.29,0.10,0.40
26,8,small,OK,stage,Reach,0.80,1.15,0.70,3.60
26,8,small,OK,stage,ApplyCommands,0.20,0.33,0.00,0.70
26,8,small,OK,frame,frame,130.70,136.18,36.80,212.40
26,8,small,OK,count,created,1.00,0.89,0.00,3.00
26,8,small,OK,count,destroyed,1.00,0.89,0.00,3.00
26,8,small,OK,count,commands_applied,1.00,1.10,0.00,6.00
26,8,small,OK,count,hits_delivered,0.00,0.33,0.00,1.00
26,8,small,OK,count,alive,220.00,220.00,216.00,222.00
27,8,large,OK,stage,SpawnEnemies,0.00,0.31,0.00,1.80
27,8,large,OK,stage,FireBullets,0.60,0.52,0.00,1.30
27,8,large,OK,stage,Movement,31.80,40.22,9.40,83.40
27,8,large,OK,stage,GridBuild,51.90,58.43,21.20,107.80
27,8,large,OK,stage,Hit,52.40,57.15,11.70,103.70
27,8,large,OK,stage,DispatchEvents,0.70,0.94,0.10,1.50
27,8,large,OK,stage,Lifetime,0.90,1.08,0.60,1.20
27,8,large,OK,stage,Collect,0.30,0.31,0.10,0.40
27,8,large,OK,stage,Reach,6.70,7.12,6.50,9.70
27,8,large,OK,stage,ApplyCommands,1.10,1.17,0.00,2.00
27,8,large,OK,frame,frame,161.30,167.71,75.40,250.20
27,8,large,OK,count,created,10.00,9.27,0.00,31.00
27,8,large,OK,count,destroyed,9.00,9.27,0.00,20.00
27,8,large,OK,count,commands_applied,12.00,13.03,0.00,27.00
27,8,large,OK,count,hits_delivered,5.00,5.67,0.00,14.00
27,8,large,OK,count,alive,2246.00,2247.77,2227.00,2266.00
28,9,boid,OK,stage,GridBuildSystem,87.20,89.56,68.60,115.40
28,9,boid,OK,stage,BoidSystem,451.80,508.54,431.30,743.50
28,9,boid,OK,stage,MovementSystem,38.40,44.36,23.00,83.00
28,9,boid,OK,stage,ApplyWorldBounds,50.10,51.84,49.40,59.10
28,9,boid,OK,stage,CollisionSystem,312.20,322.59,279.20,383.60
28,9,boid,OK,stage,ApplyCommands,0.10,0.08,0.00,0.10
28,9,boid,OK,frame,frame,954.10,1016.98,874.90,1302.30
28,9,boid,OK,count,events_published,745.00,766.40,474.00,985.00
28,9,boid,OK,count,events_dropped,0.00,0.00,0.00,0.00
29,9,small,OK,stage,SpawnEnemies,0.00,0.15,0.00,0.70
29,9,small,OK,stage,FireBullets,0.10,0.27,0.00,0.60
29,9,small,OK,stage,Movement,41.60,46.31,5.10,91.90
29,9,small,OK,stage,GridBuild,49.50,54.36,14.50,100.40
29,9,small,OK,stage,Hit,42.10,45.72,6.30,91.20
29,9,small,OK,stage,DispatchEvents,0.20,0.41,0.00,0.80
29,9,small,OK,stage,Lifetime,0.20,0.33,0.10,0.40
29,9,small,OK,stage,Collect,0.20,0.29,0.10,0.40
29,9,small,OK,stage,Reach,0.80,1.24,0.70,4.10
29,9,small,OK,stage,ApplyCommands,0.20,0.34,0.00,0.70
29,9,small,OK,frame,frame,144.10,149.87,50.20,225.00
29,9,small,OK,count,created,1.00,0.89,0.00,3.00
29,9,small,OK,count,destroyed,1.00,0.89,0.00,3.00
29,9,small,OK,count,commands_applied,1.00,1.10,0.00,6.00
29,9,small,OK,count,hits_delivered,0.00,0.33,0.00,1.00
29,9,small,OK,count,alive,220.00,220.00,216.00,222.00
30,9,large,OK,stage,SpawnEnemies,0.00,0.29,0.00,1.70
30,9,large,OK,stage,FireBullets,0.60,0.50,0.00,1.30
30,9,large,OK,stage,Movement,39.40,46.93,13.10,91.00
30,9,large,OK,stage,GridBuild,55.20,61.01,24.10,104.00
30,9,large,OK,stage,Hit,50.30,58.62,20.80,104.20
30,9,large,OK,stage,DispatchEvents,0.60,0.87,0.10,1.30
30,9,large,OK,stage,Lifetime,0.90,1.01,0.60,1.10
30,9,large,OK,stage,Collect,0.30,0.33,0.10,0.40
30,9,large,OK,stage,Reach,6.70,7.08,6.50,7.60
30,9,large,OK,stage,ApplyCommands,1.00,1.11,0.00,1.90
30,9,large,OK,frame,frame,170.40,178.22,84.10,260.70
30,9,large,OK,count,created,10.00,9.26,0.00,31.00
30,9,large,OK,count,destroyed,9.00,9.26,0.00,20.00
30,9,large,OK,count,commands_applied,12.00,12.98,0.00,27.00
30,9,large,OK,count,hits_delivered,5.00,5.66,0.00,13.00
30,9,large,OK,count,alive,2247.00,2248.57,2227.00,2266.00
31,10,boid,OK,stage,GridBuildSystem,82.50,85.29,67.00,103.50
31,10,boid,OK,stage,BoidSystem,449.80,504.87,428.80,709.10
31,10,boid,OK,stage,MovementSystem,42.50,47.74,22.70,92.70
31,10,boid,OK,stage,ApplyWorldBounds,50.20,52.51,49.50,61.40
31,10,boid,OK,stage,CollisionSystem,318.60,333.23,279.50,463.70
31,10,boid,OK,stage,ApplyCommands,0.10,0.08,0.00,0.10
31,10,boid,OK,frame,frame,977.70,1023.71,860.10,1301.40
31,10,boid,OK,count,events_published,757.00,771.61,474.00,978.00
31,10,boid,OK,count,events_dropped,0.00,0.00,0.00,0.00
32,10,small,OK,stage,SpawnEnemies,0.00,0.21,0.00,0.70
32,10,small,OK,stage,FireBullets,0.10,0.30,0.00,0.60
32,10,small,OK,stage,Movement,44.20,47.56,5.10,93.80
32,10,small,OK,stage,GridBuild,55.80,60.35,13.50,111.70
32,10,small,OK,stage,Hit,45.40,48.23,6.30,94.20
32,10,small,OK,stage,DispatchEvents,0.20,0.47,0.00,0.80
32,10,small,OK,stage,Lifetime,0.20,0.41,0.10,0.40
32,10,small,OK,stage,Collect,0.20,0.34,0.10,0.40
32,10,small,OK,stage,Reach,0.80,1.46,0.70,6.80
32,10,small,OK,stage,ApplyCommands,0.20,0.39,0.00,0.70
32,10,small,OK,frame,frame,154.10,160.24,32.50,241.90
32,10,small,OK,count,created,1.00,0.89,0.00,3.00
32,10,small,OK,count,destroyed,1.00,0.89,0.00,3.00
32,10,small,OK,count,commands_applied,1.00,1.10,0.00,6.00
32,10,small,OK,count,hits_delivered,0.00,0.33,0.00,1.00
32,10,small,OK,count,alive,220.00,220.00,216.00,222.00
33,10,large,OK,stage,SpawnEnemies,0.00,0.31,0.00,1.80
33,10,large,OK,stage,FireBullets,0.60,0.54,0.00,1.20
33,10,large,OK,stage,Movement,31.90,40.27,13.60,83.70
33,10,large,OK,stage,GridBuild,53.10,58.89,23.40,104.50
33,10,large,OK,stage,Hit,52.80,58.23,14.40,104.20
33,10,large,OK,stage,DispatchEvents,0.70,0.93,0.10,1.40
33,10,large,OK,stage,Lifetime,0.90,1.07,0.60,1.20
33,10,large,OK,stage,Collect,0.30,0.34,0.10,0.40
33,10,large,OK,stage,Reach,6.70,7.17,6.50,9.20
33,10,large,OK,stage,ApplyCommands,1.10,1.12,0.00,2.00
33,10,large,OK,frame,frame,161.80,169.31,87.50,250.80
33,10,large,OK,count,created,10.00,9.27,0.00,31.00
33,10,large,OK,count,destroyed,8.00,9.27,0.00,20.00
33,10,large,OK,count,commands_applied,12.00,13.03,0.00,27.00
33,10,large,OK,count,hits_delivered,5.00,5.72,0.00,13.00
33,10,large,OK,count,alive,2246.00,2248.26,2227.00,2266.00
34,11,boid,OK,stage,GridBuildSystem,82.60,87.91,68.10,110.10
34,11,boid,OK,stage,BoidSystem,484.70,514.30,425.60,708.30
34,11,boid,OK,stage,MovementSystem,45.60,52.31,23.00,98.60
34,11,boid,OK,stage,ApplyWorldBounds,50.10,52.12,49.50,63.60
34,11,boid,OK,stage,CollisionSystem,312.30,327.00,277.70,420.60
34,11,boid,OK,stage,ApplyCommands,0.10,0.08,0.00,0.10
34,11,boid,OK,frame,frame,995.90,1033.70,866.30,1297.50
34,11,boid,OK,count,events_published,739.00,765.65,488.00,1008.00
34,11,boid,OK,count,events_dropped,0.00,0.00,0.00,0.00
35,11,small,OK,stage,SpawnEnemies,0.00,0.17,0.00,0.70
35,11,small,OK,stage,FireBullets,0.10,0.27,0.00,0.60
35,11,small,OK,stage,Movement,41.60,46.32,4.60,94.60
35,11,small,OK,stage,GridBuild,49.40,53.65,10.50,99.50
35,11,small,OK,stage,Hit,40.60,43.82,6.00,89.90
35,11,small,OK,stage,DispatchEvents,0.20,0.44,0.00,0.80
35,11,small,OK,stage,Lifetime,0.20,0.38,0.10,0.40
35,11,small,OK,stage,Collect,0.20,0.30,0.00,0.40
35,11,small,OK,stage,Reach,0.90,1.32,0.70,4.70
35,11,small,OK,stage,ApplyCommands,0.20,0.36,0.00,0.70
35,11,small,OK,frame,frame,142.10,147.46,22.30,231.90
35,11,small,OK,count,created,1.00,0.89,0.00,3.00
35,11,small,OK,count,destroyed,1.00,0.89,0.00,3.00
35,11,small,OK,count,commands_applied,1.00,1.10,0.00,6.00
35,11,small,OK,count,hits_delivered,0.00,0.33,0.00,1.00
35,11,small,OK,count,alive,220.00,220.00,216.00,222.00
36,11,large,OK,stage,SpawnEnemies,0.00,0.32,0.00,1.90
36,11,large,OK,stage,FireBullets,0.70,0.53,0.00,1.30
36,11,large,OK,stage,Movement,32.90,39.96,9.70,82.00
36,11,large,OK,stage,GridBuild,55.60,60.02,21.70,112.30
36,11,large,OK,stage,Hit,54.10,56.66,17.50,103.40
36,11,large,OK,stage,DispatchEvents,0.70,1.08,0.10,4.50
36,11,large,OK,stage,Lifetime,0.90,1.28,0.60,4.10
36,11,large,OK,stage,Collect,0.30,0.35,0.10,0.50
36,11,large,OK,stage,Reach,6.70,7.24,6.50,10.10
36,11,large,OK,stage,ApplyCommands,1.20,1.23,0.00,2.20
36,11,large,OK,frame,frame,162.90,169.12,73.50,251.90
36,11,large,OK,count,created,10.00,9.27,0.00,31.00
36,11,large,OK,count,destroyed,9.00,9.27,0.00,20.00
36,11,large,OK,count,commands_applied,12.00,13.02,0.00,27.00
36,11,large,OK,count,hits_delivered,5.00,5.66,0.00,13.00
36,11,large,OK,count,alive,2246.00,2248.20,2229.00,2266.00
37,12,boid,OK,stage,GridBuildSystem,88.80,89.47,70.30,109.50
37,12,boid,OK,stage,BoidSystem,448.40,497.41,421.10,681.60
37,12,boid,OK,stage,MovementSystem,41.70,46.99,22.40,90.40
37,12,boid,OK,stage,ApplyWorldBounds,50.10,51.87,49.50,60.80
37,12,boid,OK,stage,CollisionSystem,319.30,330.07,278.30,398.20
37,12,boid,OK,stage,ApplyCommands,0.10,0.08,0.00,0.10
37,12,boid,OK,frame,frame,971.90,1015.89,874.40,1291.20
37,12,boid,OK,count,events_published,746.00,764.28,433.00,998.00
37,12,boid,OK,count,events_dropped,0.00,0.00,0.00,0.00
38,12,small,OK,stage,SpawnEnemies,0.00,0.18,0.00,0.70
38,12,small,OK,stage,FireBullets,0.10,0.31,0.00,0.70
38,12,small,OK,stage,Movement,44.60,47.80,5.40,97.90
38,12,small,OK,stage,GridBuild,52.00,56.22,13.70,104.20
38,12,small,OK,stage,Hit,47.80,49.73,6.20,96.70
38,12,small,OK,stage,DispatchEvents,0.20,0.45,0.00,0.70
38,12,small,OK,stage,Lifetime,0.20,0.37,0.10,0.40
38,12,small,OK,stage,Collect,0.20,0.33,0.10,0.40
38,12,small,OK,stage,Reach,0.80,1.50,0.70,6.80
38,12,small,OK,stage,ApplyCommands,0.20,0.39,0.00,0.80
38,12,small,OK,frame,frame,153.10,157.82,61.70,237.90
38,12,small,OK,count,created,1.00,0.89,0.00,3.00
38,12,small,OK,count,destroyed,1.00,0.89,0.00,3.00
38,12,small,OK,count,commands_applied,1.00,1.10,0.00,6.00
38,12,small,OK,count,hits_delivered,0.00,0.33,0.00,1.00
38,12,small,OK,count,alive,220.00,220.00,216.00,222.00
39,12,large,OK,stage,SpawnEnemies,0.00,0.30,0.00,1.70
39,12,large,OK,stage,FireBullets,0.60,0.50,0.00,1.30
39,12,large,OK,stage,Movement,36.70,43.19,13.70,86.10
39,12,large,OK,stage,GridBuild,55.20,60.46,24.80,102.90
39,12,large,OK,stage,Hit,51.90,58.85,19.50,103.90
39,12,large,OK,stage,DispatchEvents,0.60,0.89,0.10,1.40
39,12,large,OK,stage,Lifetime,0.90,1.04,0.60,1.10
39,12,large,OK,stage,Collect,0.30,0.31,0.10,0.40
39,12,large,OK,stage,Reach,6.70,7.07,6.50,8.80
39,12,large,OK,stage,ApplyCommands,1.00,1.15,0.00,2.00
39,12,large,OK,frame,frame,167.70,174.19,79.70,254.30
39,12,large,OK,count,created,10.00,9.27,0.00,31.00
39,12,large,OK,count,destroyed,8.00,9.27,0.00,20.00
39,12,large,OK,count,commands_applied,12.00,13.03,0.00,28.00
39,12,large,OK,count,hits_delivered,5.00,5.70,0.00,14.00
39,12,large,OK,count,alive,2246.00,2248.11,2221.00,2266.00
40,13,boid,OK,stage,GridBuildSystem,82.60,85.35,69.90,104.40
40,13,boid,OK,stage,BoidSystem,445.40,468.55,424.30,603.70
40,13,boid,OK,stage,MovementSystem,42.80,47.10,22.00,89.90
40,13,boid,OK,stage,ApplyWorldBounds,50.00,51.72,49.40,58.60
40,13,boid,OK,stage,CollisionSystem,313.30,316.64,274.50,374.30
40,13,boid,OK,stage,ApplyCommands,0.10,0.08,0.00,0.10
40,13,boid,OK,frame,frame,948.30,969.44,867.30,1151.00
40,13,boid,OK,count,events_published,740.00,767.08,458.00,996.00
40,13,boid,OK,count,events_dropped,0.00,0.00,0.00,0.00
41,13,small,OK,stage,SpawnEnemies,0.00,0.20,0.00,0.70
41,13,small,OK,stage,FireBullets,0.10,0.37,0.00,0.70
41,13,small,OK,stage,Movement,43.70,47.08,4.80,93.90
41,13,small,OK,stage,GridBuild,50.90,55.42,14.40,103.40
41,13,small,OK,stage,Hit,48.00,51.14,6.10,100.00
41,13,small,OK,stage,DispatchEvents,0.20,0.57,0.00,1.00
41,13,small,OK,stage,Lifetime,0.20,0.47,0.10,0.50
41,13,small,OK,stage,Collect,0.20,0.42,0.10,0.40
41,13,small,OK,stage,Reach,0.80,1.77,0.70,7.40
41,13,small,OK,stage,ApplyCommands,0.20,0.49,0.00,0.90
41,13,small,OK,frame,frame,151.60,158.59,45.40,240.30
41,13,small,OK,count,created,1.00,0.89,0.00,3.00
41,13,small,OK,count,destroyed,1.00,0.89,0.00,3.00
41,13,small,OK,count,commands_applied,1.00,1.10,0.00,6.00
41,13,small,OK,count,hits_delivered,0.00,0.33,0.00,1.00
41,13,small,OK,count,alive,220.00,220.00,216.00,222.00
42,13,large,OK,stage,SpawnEnemies,0.00,0.30,0.00,1.70
42,13,large,OK,stage,FireBullets,0.60,0.51,0.00,1.30
42,13,large,OK,stage,Movement,32.00,40.01,10.00,81.30
42,13,large,OK,stage,GridBuild,54.40,59.92,22.60,108.00
42,13,large,OK,stage,Hit,52.30,57.60,14.70,103.90
42,13,large,OK,stage,DispatchEvents,0.70,0.96,0.10,1.40
42,13,large,OK,stage,Lifetime,0.90,1.10,0.60,1.20
42,13,large,OK,stage,Collect,0.30,0.33,0.10,0.40
42,13,large,OK,stage,Reach,6.70,7.17,6.50,8.70
42,13,large,OK,stage,ApplyCommands,1.10,1.12,0.00,1.90
42,13,large,OK,frame,frame,162.30,169.47,66.40,247.00
42,13,large,OK,count,created,10.00,9.27,0.00,31.00
42,13,large,OK,count,destroyed,9.00,9.27,0.00,20.00
42,13,large,OK,count,commands_applied,13.00,13.02,0.00,26.00
42,13,large,OK,count,hits_delivered,5.00,5.66,0.00,13.00
42,13,large,OK,count,alive,2246.00,2248.05,2224.00,2266.00
43,14,boid,OK,stage,GridBuildSystem,82.80,85.95,68.70,107.30
43,14,boid,OK,stage,BoidSystem,455.80,494.09,428.20,638.60
43,14,boid,OK,stage,MovementSystem,40.10,45.28,22.60,91.80
43,14,boid,OK,stage,ApplyWorldBounds,50.00,51.89,49.50,60.00
43,14,boid,OK,stage,CollisionSystem,315.10,326.40,279.80,394.20
43,14,boid,OK,stage,ApplyCommands,0.10,0.08,0.00,0.10
43,14,boid,OK,frame,frame,973.50,1003.69,872.00,1223.10
43,14,boid,OK,count,events_published,750.00,771.84,450.00,1012.00
43,14,boid,OK,count,events_dropped,0.00,0.00,0.00,0.00
44,14,small,OK,stage,SpawnEnemies,0.00,0.14,0.00,0.60
44,14,small,OK,stage,FireBullets,0.10,0.22,0.00,0.60
44,14,small,OK,stage,Movement,36.30,39.27,4.40,82.80
44,14,small,OK,stage,GridBuild,44.30,48.26,11.00,90.30
44,14,small,OK,stage,Hit,22.10,30.97,5.60,76.90
44,14,small,OK,stage,DispatchEvents,0.20,0.40,0.00,0.70
44,14,small,OK,stage,Lifetime,0.20,0.32,0.10,0.40
44,14,small,OK,stage,Collect,0.20,0.29,0.00,0.40
44,14,small,OK,stage,Reach,0.80,1.16,0.60,3.90
44,14,small,OK,stage,ApplyCommands,0.20,0.31,0.00,0.70
44,14,small,OK,frame,frame,116.30,121.75,24.50,198.80
44,14,small,OK,count,created,1.00,0.89,0.00,3.00
44,14,small,OK,count,destroyed,1.00,0.89,0.00,3.00
44,14,small,OK,count,commands_applied,1.00,1.10,0.00,6.00
44,14,small,OK,count,hits_delivered,0.00,0.33,0.00,1.00
44,14,small,OK,count,alive,220.00,220.00,216.00,222.00
45,14,large,OK,stage,SpawnEnemies,0.00,0.32,0.00,1.90
45,14,large,OK,stage,FireBullets,0.60,0.52,0.00,1.30
45,14,large,OK,stage,Movement,29.30,36.56,9.10,80.00
45,14,large,OK,stage,GridBuild,45.90,51.30,19.30,95.40
45,14,large,OK,stage,Hit,44.70,49.95,15.20,95.70
45,14,large,OK,stage,DispatchEvents,0.70,1.00,0.10,1.70
45,14,large,OK,stage,Lifetime,0.90,1.12,0.60,1.30
45,14,large,OK,stage,Collect,0.30,0.31,0.10,0.40
45,14,large,OK,stage,Reach,6.80,7.05,6.40,7.30
45,14,large,OK,stage,ApplyCommands,1.10,1.16,0.00,2.10
45,14,large,OK,frame,frame,143.70,149.71,70.90,225.70
45,14,large,OK,count,created,10.00,9.27,0.00,31.00
45,14,large,OK,count,destroyed,9.00,9.27,0.00,20.00
45,14,large,OK,count,commands_applied,12.00,13.01,0.00,27.00
45,14,large,OK,count,hits_delivered,5.00,5.68,0.00,14.00
45,14,large,OK,count,alive,2246.00,2247.94,2224.00,2266.00
46,15,boid,OK,stage,GridBuildSystem,84.80,87.59,69.90,109.20
46,15,boid,OK,stage,BoidSystem,447.70,490.50,417.90,710.80
46,15,boid,OK,stage,MovementSystem,40.90,45.83,22.70,87.40
46,15,boid,OK,stage,ApplyWorldBounds,50.00,51.54,49.40,57.40
46,15,boid,OK,stage,CollisionSystem,309.50,322.07,277.10,404.70
46,15,boid,OK,stage,ApplyCommands,0.10,0.08,0.00,0.10
46,15,boid,OK,frame,frame,950.10,997.60,865.30,1233.00
46,15,boid,OK,count,events_published,744.00,766.50,442.00,1001.00
46,15,boid,OK,count,events_dropped,0.00,0.00,0.00,0.00
47,15,small,OK,stage,SpawnEnemies,0.00,0.23,0.00,0.70
47,15,small,OK,stage,FireBullets,0.10,0.37,0.00,0.70
47,15,small,OK,stage,Movement,45.80,48.87,4.40,99.70
47,15,small,OK,stage,GridBuild,52.00,57.53,10.70,106.20
47,15,small,OK,stage,Hit,50.70,54.04,5.90,102.80
47,15,small,OK,stage,DispatchEvents,0.20,0.67,0.10,3.50
47,15,small,OK,stage,Lifetime,0.20,0.52,0.10,0.50
47,15,small,OK,stage,Collect,0.20,0.45,0.10,0.50
47,15,small,OK,stage,Reach,0.80,1.87,0.70,7.70
47,15,small,OK,stage,ApplyCommands,0.20,0.55,0.00,1.10
47,15,small,OK,frame,frame,159.60,165.77,22.50,253.70
47,15,small,OK,count,created,1.00,0.89,0.00,3.00
47,15,small,OK,count,destroyed,1.00,0.89,0.00,3.00
47,15,small,OK,count,commands_applied,1.00,1.10,0.00,6.00
47,15,small,OK,count,hits_delivered,0.00,0.33,0.00,1.00
47,15,small,OK,count,alive,220.00,220.00,216.00,222.00
48,15,large,OK,stage,SpawnEnemies,0.00,0.29,0.00,1.70
48,15,large,OK,stage,FireBullets,0.60,0.49,0.00,1.30
48,15,large,OK,stage,Movement,37.10,44.80,14.90,88.00
48,15,large,OK,stage,GridBuild,55.40,61.24,25.10,104.90
48,15,large,OK,stage,Hit,50.40,58.36,12.80,103.60
48,15,large,OK,stage,DispatchEvents,0.70,0.91,0.10,1.30
48,15,large,OK,stage,Lifetime,0.90,0.97,0.60,1.10
48,15,large,OK,stage,Collect,0.30,0.29,0.10,0.40
48,15,large,OK,stage,Reach,6.70,7.08,6.40,7.90
48,15,large,OK,stage,ApplyCommands,1.00,1.09,0.00,1.90
48,15,large,OK,frame,frame,166.30,175.94,76.80,267.00
48,15,large,OK,count,created,10.00,9.27,0.00,31.00
48,15,large,OK,count,destroyed,8.00,9.27,0.00,20.00
48,15,large,OK,count,commands_applied,12.00,13.04,0.00,27.00
48,15,large,OK,count,hits_delivered,5.00,5.69,0.00,13.00
48,15,large,OK,count,alive,2246.00,2247.42,2225.00,2266.00
49,16,boid,OK,stage,GridBuildSystem,89.20,89.75,68.20,109.00
49,16,boid,OK,stage,BoidSystem,442.80,501.35,427.30,727.20
49,16,boid,OK,stage,MovementSystem,42.50,48.92,23.10,90.20
49,16,boid,OK,stage,ApplyWorldBounds,50.10,51.73,49.40,62.60
49,16,boid,OK,stage,CollisionSystem,310.90,324.89,280.90,420.90
49,16,boid,OK,stage,ApplyCommands,0.10,0.08,0.00,0.10
49,16,boid,OK,frame,frame,968.10,1016.71,873.40,1293.40
49,16,boid,OK,count,events_published,738.00,761.78,472.00,986.00
49,16,boid,OK,count,events_dropped,0.00,0.00,0.00,0.00
50,16,small,OK,stage,SpawnEnemies,0.00,0.22,0.00,0.70
50,16,small,OK,stage,FireBullets,0.10,0.33,0.00,0.70
50,16,small,OK,stage,Movement,43.80,48.29,4.90,98.80
50,16,small,OK,stage,GridBuild,52.00,56.59,17.10,102.10
50,16,small,OK,stage,Hit,47.20,50.48,6.00,95.70
50,16,small,OK,stage,DispatchEvents,0.20,0.52,0.00,0.80
50,16,small,OK,stage,Lifetime,0.20,0.42,0.10,0.40
50,16,small,OK,stage,Collect,0.20,0.38,0.10,0.40
50,16,small,OK,stage,Reach,0.80,1.58,0.70,7.10
50,16,small,OK,stage,ApplyCommands,0.20,0.43,0.00,0.80
50,16,small,OK,frame,frame,153.70,159.83,61.60,239.30
50,16,small,OK,count,created,1.00,0.89,0.00,3.00
50,16,small,OK,count,destroyed,1.00,0.89,0.00,3.00
50,16,small,OK,count,commands_applied,1.00,1.10,0.00,6.00
50,16,small,OK,count,hits_delivered,0.00,0.33,0.00,1.00
50,16,small,OK,count,alive,220.00,220.00,216.00,222.00
51,16,large,OK,stage,SpawnEnemies,0.00,0.30,0.00,1.70
51,16,large,OK,stage,FireBullets,0.60,0.52,0.00,1.30
51,16,large,OK,stage,Movement,32.20,40.60,10.60,84.00
51,16,large,OK,stage,GridBuild,53.10,58.71,22.50,102.10
51,16,large,OK,stage,Hit,52.80,57.51,14.70,100.80
51,16,large,OK,stage,DispatchEvents,0.70,0.91,0.10,1.30
51,16,large,OK,stage,Lifetime,0.90,1.05,0.60,1.20
51,16,large,OK,stage,Collect,0.30,0.32,0.10,0.40
51,16,large,OK,stage,Reach,6.70,7.19,6.50,9.50
51,16,large,OK,stage,ApplyCommands,1.10,1.13,0.00,2.00
51,16,large,OK,frame,frame,161.40,168.70,68.30,250.50
51,16,large,OK,count,created,10.00,9.27,0.00,31.00
51,16,large,OK,count,destroyed,9.00,9.27,0.00,20.00
51,16,large,OK,count,commands_applied,12.00,13.01,0.00,27.00
51,16,large,OK,count,hits_delivered,5.00,5.70,0.00,14.00
51,16,large,OK,count,alive,2246.00,2247.92,2230.00,2266.00
52,17,boid,OK,stage,GridBuildSystem,80.00,84.26,69.20,104.70
52,17,boid,OK,stage,BoidSystem,448.60,470.97,428.80,592.40
52,17,boid,OK,stage,MovementSystem,40.30,46.61,22.60,87.90
52,17,boid,OK,stage,ApplyWorldBounds,50.00,51.49,49.50,56.70
52,17,boid,OK,stage,CollisionSystem,312.10,317.02,258.90,370.50
52,17,boid,OK,stage,ApplyCommands,0.10,0.08,0.00,0.10
52,17,boid,OK,frame,frame,950.70,970.41,861.00,1124.30
52,17,boid,OK,count,events_published,752.00,766.02,453.00,980.00
52,17,boid,OK,count,events_dropped,0.00,0.00,0.00,0.00
53,17,small,OK,stage,SpawnEnemies,0.00,0.15,0.00,0.70
53,17,small,OK,stage,FireBullets,0.10,0.25,0.00,0.60
53,17,small,OK,stage,Movement,35.80,39.32,4.70,80.30
53,17,small,OK,stage,GridBuild,44.70,49.20,12.90,94.20
53,17,small,OK,stage,Hit,27.80,34.04,6.10,79.30
53,17,small,OK,stage,DispatchEvents,0.20,0.42,0.00,0.80
53,17,small,OK,stage,Lifetime,0.20,0.34,0.10,0.40
53,17,small,OK,stage,Collect,0.20,0.28,0.10,0.40
53,17,small,OK,stage,Reach,0.80,1.14,0.70,3.70
53,17,small,OK,stage,ApplyCommands,0.20,0.31,0.00,0.70
53,17,small,OK,frame,frame,119.60,125.88,39.40,203.10
53,17,small,OK,count,created,1.00,0.89,0.00,3.00
53,17,small,OK,count,destroyed,1.00,0.89,0.00,3.00
53,17,small,OK,count,commands_applied,1.00,1.10,0.00,6.00
53,17,small,OK,count,hits_delivered,0.00,0.33,0.00,1.00
53,17,small,OK,count,alive,220.00,220.00,216.00,222.00
54,17,large,OK,stage,SpawnEnemies,0.00,0.31,0.00,1.80
54,17,large,OK,stage,FireBullets,0.60,0.52,0.00,1.30
54,17,large,OK,stage,Movement,31.90,39.66,9.50,81.20
54,17,large,OK,stage,GridBuild,52.00,58.03,19.50,101.20
54,17,large,OK,stage,Hit,53.30,57.84,19.80,103.80
54,17,large,OK,stage,DispatchEvents,0.70,0.89,0.10,1.40
54,17,large,OK,stage,Lifetime,0.90,1.07,0.60,1.20
54,17,large,OK,stage,Collect,0.30,0.33,0.10,0.40
54,17,large,OK,stage,Reach,6.70,7.08,6.50,8.90
54,17,large,OK,stage,ApplyCommands,1.10,1.15,0.00,2.00
54,17,large,OK,frame,frame,160.40,167.36,88.60,247.50
54,17,large,OK,count,created,10.00,9.27,0.00,31.00
54,17,large,OK,count,destroyed,9.00,9.27,0.00,20.00
54,17,large,OK,count,commands_applied,12.00,13.04,0.00,27.00
54,17,large,OK,count,hits_delivered,5.00,5.72,0.00,13.00
54,17,large,OK,count,alive,2246.00,2248.16,2223.00,2266.00
55,18,boid,OK,stage,GridBuildSystem,80.60,84.28,69.60,105.30
55,18,boid,OK,stage,BoidSystem,445.20,491.54,419.20,711.70
55,18,boid,OK,stage,MovementSystem,39.20,44.98,21.40,85.40
55,18,boid,OK,stage,ApplyWorldBounds,50.00,51.27,49.50,58.90
55,18,boid,OK,stage,CollisionSystem,313.20,323.35,278.70,405.50
55,18,boid,OK,stage,ApplyCommands,0.10,0.08,0.00,0.10
55,18,boid,OK,frame,frame,950.90,995.48,866.50,1241.20
55,18,boid,OK,count,events_published,741.00,765.95,466.00,993.00
55,18,boid,OK,count,events_dropped,0.00,0.00,0.00,0.00
56,18,small,OK,stage,SpawnEnemies,0.00,0.16,0.00,0.70
56,18,small,OK,stage,FireBullets,0.10,0.27,0.00,0.60
56,18,small,OK,stage,Movement,41.90,45.51,4.20,91.70
56,18,small,OK,stage,GridBuild,51.50,55.10,10.20,104.20
56,18,small,OK,stage,Hit,42.80,45.28,5.80,91.10
56,18,small,OK,stage,DispatchEvents,0.20,0.39,0.00,0.80
56,18,small,OK,stage,Lifetime,0.20,0.35,0.10,0.40
56,18,small,OK,stage,Collect,0.20,0.29,0.10,0.40
56,18,small,OK,stage,Reach,0.90,1.21,0.70,4.10
56,18,small,OK,stage,ApplyCommands,0.20,0.36,0.00,0.70
56,18,small,OK,frame,frame,144.10,149.36,22.80,229.20
56,18,small,OK,count,created,1.00,0.89,0.00,3.00
56,18,small,OK,count,destroyed,1.00,0.89,0.00,3.00
56,18,small,OK,count,commands_applied,1.00,1.10,0.00,6.00
56,18,small,OK,count,hits_delivered,0.00,0.33,0.00,1.00
56,18,small,OK,count,alive,220.00,220.00,216.00,222.00
57,18,large,OK,stage,SpawnEnemies,0.00,0.32,0.00,1.90
57,18,large,OK,stage,FireBullets,0.60,0.53,0.00,1.30
57,18,large,OK,stage,Movement,31.40,39.34,10.60,82.10
57,18,large,OK,stage,GridBuild,50.80,56.81,19.90,103.70
57,18,large,OK,stage,Hit,54.20,57.09,14.00,102.60
57,18,large,OK,stage,DispatchEvents,0.70,1.07,0.10,4.10
57,18,large,OK,stage,Lifetime,1.00,1.25,0.60,3.90
57,18,large,OK,stage,Collect,0.30,0.35,0.10,0.50
57,18,large,OK,stage,Reach,6.70,7.12,6.50,9.40
57,18,large,OK,stage,ApplyCommands,1.20,1.23,0.00,2.20
57,18,large,OK,frame,frame,159.10,165.55,68.10,244.40
57,18,large,OK,count,created,10.00,9.28,0.00,31.00
57,18,large,OK,count,destroyed,8.00,9.28,0.00,20.00
57,18,large,OK,count,commands_applied,12.00,13.05,0.00,27.00
57,18,large,OK,count,hits_delivered,5.00,5.66,0.00,13.00
57,18,large,OK,count,alive,2246.00,2248.04,2227.00,2266.00
58,19,boid,OK,stage,GridBuildSystem,91.00,92.37,70.70,116.50
58,19,boid,OK,stage,BoidSystem,472.20,510.76,429.40,711.20
58,19,boid,OK,stage,MovementSystem,42.50,49.03,21.90,95.90
58,19,boid,OK,stage,ApplyWorldBounds,50.10,51.88,49.40,59.60
58,19,boid,OK,stage,CollisionSystem,316.40,328.12,281.30,421.60
58,19,boid,OK,stage,ApplyCommands,0.10,0.08,0.00,0.10
58,19,boid,OK,frame,frame,999.10,1032.24,873.20,1273.80
58,19,boid,OK,count,events_published,742.00,768.48,470.00,994.00
58,19,boid,OK,count,events_dropped,0.00,0.00,0.00,0.00
59,19,small,OK,stage,SpawnEnemies,0.10,0.18,0.00,0.80
59,19,small,OK,stage,FireBullets,0.10,0.31,0.00,0.80
59,19,small,OK,stage,Movement,36.80,43.34,4.50,101.00
59,19,small,OK,stage,GridBuild,45.70,53.15,10.30,112.50
59,19,small,OK,stage,Hit,28.80,39.27,5.50,99.10
59,19,small,OK,stage,DispatchEvents,0.30,0.44,0.00,0.90
59,19,small,OK,stage,Lifetime,0.30,0.36,0.10,0.50
59,19,small,OK,stage,Collect,0.30,0.35,0.00,0.40
59,19,small,OK,stage,Reach,0.90,1.35,0.60,1.90
59,19,small,OK,stage,ApplyCommands,0.30,0.32,0.00,0.80
59,19,small,OK,frame,frame,126.90,139.52,21.70,257.40
59,19,small,OK,count,created,1.00,0.89,0.00,3.00
59,19,small,OK,count,destroyed,1.00,0.89,0.00,3.00
59,19,small,OK,count,commands_applied,1.00,1.10,0.00,6.00
59,19,small,OK,count,hits_delivered,0.00,0.33,0.00,1.00
59,19,small,OK,count,alive,220.00,220.00,216.00,222.00
60,19,large,OK,stage,SpawnEnemies,0.00,0.32,0.00,1.90
60,19,large,OK,stage,FireBullets,0.70,0.55,0.00,1.30
60,19,large,OK,stage,Movement,30.70,36.28,7.00,79.30
60,19,large,OK,stage,GridBuild,42.20,47.90,19.10,94.40
60,19,large,OK,stage,Hit,33.30,42.33,14.20,91.70
60,19,large,OK,stage,DispatchEvents,0.70,0.94,0.10,1.50
60,19,large,OK,stage,Lifetime,1.00,1.21,0.60,1.70
60,19,large,OK,stage,Collect,0.30,0.32,0.10,0.50
60,19,large,OK,stage,Reach,6.80,7.35,6.50,10.70
60,19,large,OK,stage,ApplyCommands,1.20,1.20,0.00,2.20
60,19,large,OK,frame,frame,131.10,138.79,60.30,217.50
60,19,large,OK,count,created,10.00,9.26,0.00,31.00
60,19,large,OK,count,destroyed,8.00,9.26,0.00,20.00
60,19,large,OK,count,commands_applied,13.00,12.98,0.00,27.00
60,19,large,OK,count,hits_delivered,5.00,5.68,0.00,13.00
60,19,large,OK,count,alive,2246.00,2248.11,2227.00,2266.00
61,20,boid,OK,stage,GridBuildSystem,85.90,87.51,69.60,104.20
61,20,boid,OK,stage,BoidSystem,457.00,478.21,431.00,593.40
61,20,boid,OK,stage,MovementSystem,43.00,48.64,22.30,88.40
61,20,boid,OK,stage,ApplyWorldBounds,50.20,51.58,49.50,60.00
61,20,boid,OK,stage,CollisionSystem,315.60,319.07,275.60,374.30
61,20,boid,OK,stage,ApplyCommands,0.10,0.08,0.00,0.10
61,20,boid,OK,frame,frame,964.10,985.08,863.20,1144.00
61,20,boid,OK,count,events_published,747.00,772.59,465.00,992.00
61,20,boid,OK,count,events_dropped,0.00,0.00,0.00,0.00
62,20,small,OK,stage,SpawnEnemies,0.00,0.17,0.00,0.70
62,20,small,OK,stage,FireBullets,0.10,0.26,0.00,0.60
62,20,small,OK,stage,Movement,39.50,44.34,4.50,89.60
62,20,small,OK,stage,GridBuild,48.80,54.41,12.20,100.50
62,20,small,OK,stage,Hit,42.30,44.74,6.30,87.90
62,20,small,OK,stage,DispatchEvents,0.20,0.40,0.00,0.70
62,20,small,OK,stage,Lifetime,0.20,0.35,0.10,0.40
62,20,small,OK,stage,Collect,0.20,0.31,0.00,0.40
62,20,small,OK,stage,Reach,0.80,1.21,0.70,4.10
62,20,small,OK,stage,ApplyCommands,0.20,0.36,0.00,0.70
62,20,small,OK,frame,frame,142.00,147.01,25.20,223.50
62,20,small,OK,count,created,1.00,0.89,0.00,3.00
62,20,small,OK,count,destroyed,1.00,0.89,0.00,3.00
62,20,small,OK,count,commands_applied,1.00,1.10,0.00,6.00
62,20,small,OK,count,hits_delivered,0.00,0.33,0.00,1.00
62,20,small,OK,count,alive,220.00,220.00,216.00,222.00
63,20,large,OK,stage,SpawnEnemies,0.00,0.31,0.00,1.80
63,20,large,OK,stage,FireBullets,0.60,0.51,0.00,1.30
63,20,large,OK,stage,Movement,33.60,41.70,13.80,86.00
63,20,large,OK,stage,GridBuild,56.60,61.90,24.80,108.50
63,20,large,OK,stage,Hit,51.70,58.13,17.20,105.40
63,20,large,OK,stage,DispatchEvents,0.70,0.90,0.10,1.30
63,20,large,OK,stage,Lifetime,0.90,1.08,0.60,1.20
63,20,large,OK,stage,Collect,0.30,0.32,0.10,0.40
63,20,large,OK,stage,Reach,6.70,7.15,6.50,9.70
63,20,large,OK,stage,ApplyCommands,1.10,1.14,0.00,2.00
63,20,large,OK,frame,frame,165.90,173.62,70.00,257.70
63,20,large,OK,count,created,10.00,9.28,0.00,31.00
63,20,large,OK,count,destroyed,9.00,9.27,0.00,20.00
63,20,large,OK,count,commands_applied,13.00,13.05,0.00,27.00
63,20,large,OK,count,hits_delivered,5.00,5.71,0.00,14.00
63,20,large,OK,count,alive,2246.00,2247.60,2229.00,2266.00
64,1,boid-slow,OK,stage,GridBuildSystem,103.70,105.68,89.80,127.00
64,1,boid-slow,OK,stage,BoidSystem,521.60,532.38,436.20,647.30
64,1,boid-slow,OK,stage,MovementSystem,45.50,50.82,23.40,94.50
64,1,boid-slow,OK,stage,ApplyWorldBounds,110.20,111.42,101.30,122.60
64,1,boid-slow,OK,stage,CollisionSystem,478.90,525.16,364.60,819.00
64,1,boid-slow,OK,stage,ApplyCommands,0.10,0.09,0.00,0.10
64,1,boid-slow,OK,frame,frame,1281.40,1325.56,1097.20,1646.60
64,1,boid-slow,OK,count,events_published,2761.00,3106.33,1393.00,5534.00
64,1,boid-slow,OK,count,events_dropped,0.00,0.00,0.00,0.00
65,2,boid-slow,OK,stage,GridBuildSystem,107.70,109.58,88.20,128.60
65,2,boid-slow,OK,stage,BoidSystem,522.60,529.24,430.80,647.20
65,2,boid-slow,OK,stage,MovementSystem,45.20,50.39,24.00,94.20
65,2,boid-slow,OK,stage,ApplyWorldBounds,104.10,105.02,94.20,112.40
65,2,boid-slow,OK,stage,CollisionSystem,552.10,585.68,384.50,881.10
65,2,boid-slow,OK,stage,ApplyCommands,0.10,0.08,0.00,0.10
65,2,boid-slow,OK,frame,frame,1352.60,1379.98,1128.20,1693.90
65,2,boid-slow,OK,count,events_published,2845.00,3038.34,1699.00,4861.00
65,2,boid-slow,OK,count,events_dropped,0.00,0.00,0.00,0.00
66,3,boid-slow,OK,stage,GridBuildSystem,107.60,109.73,95.20,126.30
66,3,boid-slow,OK,stage,BoidSystem,522.00,529.73,457.10,637.20
66,3,boid-slow,OK,stage,MovementSystem,43.10,49.51,24.00,95.00
66,3,boid-slow,OK,stage,ApplyWorldBounds,105.70,105.63,90.20,115.70
66,3,boid-slow,OK,stage,CollisionSystem,567.40,597.77,333.90,893.10
66,3,boid-slow,OK,stage,ApplyCommands,0.10,0.09,0.00,0.10
66,3,boid-slow,OK,frame,frame,1356.00,1392.46,1093.40,1713.30
66,3,boid-slow,OK,count,events_published,2707.00,2893.37,1360.00,4628.00
66,3,boid-slow,OK,count,events_dropped,0.00,0.00,0.00,0.00
67,4,boid-slow,OK,stage,GridBuildSystem,103.40,104.13,88.20,114.50
67,4,boid-slow,OK,stage,BoidSystem,480.20,490.91,412.40,591.50
67,4,boid-slow,OK,stage,MovementSystem,42.40,47.31,22.70,88.90
67,4,boid-slow,OK,stage,ApplyWorldBounds,99.60,100.88,86.50,111.80
67,4,boid-slow,OK,stage,CollisionSystem,518.50,533.45,332.60,748.00
67,4,boid-slow,OK,stage,ApplyCommands,0.10,0.08,0.00,0.10
67,4,boid-slow,OK,frame,frame,1265.30,1276.77,1034.90,1505.90
67,4,boid-slow,OK,count,events_published,2373.00,2443.14,1509.00,3436.00
67,4,boid-slow,OK,count,events_dropped,0.00,0.00,0.00,0.00
68,5,boid-slow,OK,stage,GridBuildSystem,103.00,107.42,88.40,130.20
68,5,boid-slow,OK,stage,BoidSystem,481.90,492.67,414.00,609.70
68,5,boid-slow,OK,stage,MovementSystem,42.90,46.33,21.10,88.60
68,5,boid-slow,OK,stage,ApplyWorldBounds,103.50,104.17,85.30,114.90
68,5,boid-slow,OK,stage,CollisionSystem,527.60,573.93,354.00,858.10
68,5,boid-slow,OK,stage,ApplyCommands,0.10,0.08,0.00,0.20
68,5,boid-slow,OK,frame,frame,1292.80,1324.61,1073.00,1627.20
68,5,boid-slow,OK,count,events_published,2704.00,2989.58,1680.00,4976.00
68,5,boid-slow,OK,count,events_dropped,0.00,0.00,0.00,0.00
69,1,wake,OK,wake,A_kick1_poll_total,4.30,8.44,3.10,9.30
69,1,wake,OK,wake,A_kick1_poll_to_start,4.10,7.90,1.80,8.00
69,1,wake,OK,wake,B_kick1_waitfor,1.60,2.19,0.90,3.80
69,1,wake,OK,wake,C_kick20_waitfor_total,38.00,46.36,6.00,87.90
69,1,wake,OK,wake,C_kick20_kick_part,37.50,45.05,5.10,86.90
70,2,wake,OK,wake,A_kick1_poll_total,4.50,9.32,2.80,9.10
70,2,wake,OK,wake,A_kick1_poll_to_start,4.40,8.60,1.70,7.80
70,2,wake,OK,wake,B_kick1_waitfor,1.60,2.28,1.00,3.10
70,2,wake,OK,wake,C_kick20_waitfor_total,37.90,45.50,4.90,90.20
70,2,wake,OK,wake,C_kick20_kick_part,37.40,44.00,4.40,89.60
71,3,wake,OK,wake,A_kick1_poll_total,4.50,10.96,3.20,14.40
71,3,wake,OK,wake,A_kick1_poll_to_start,4.30,9.60,1.70,9.30
71,3,wake,OK,wake,B_kick1_waitfor,1.60,2.28,0.90,3.20
71,3,wake,OK,wake,C_kick20_waitfor_total,37.70,46.34,4.90,88.50
71,3,wake,OK,wake,C_kick20_kick_part,37.00,45.19,4.40,88.30
72,4,wake,OK,wake,A_kick1_poll_total,4.50,8.47,3.20,8.90
72,4,wake,OK,wake,A_kick1_poll_to_start,4.30,7.69,1.90,7.90
72,4,wake,OK,wake,B_kick1_waitfor,1.60,2.10,1.00,3.20
72,4,wake,OK,wake,C_kick20_waitfor_total,37.60,46.16,6.00,87.70
72,4,wake,OK,wake,C_kick20_kick_part,37.20,44.95,4.90,87.70
73,5,wake,OK,wake,A_kick1_poll_total,4.00,10.32,2.90,19.00
73,5,wake,OK,wake,A_kick1_poll_to_start,3.70,9.02,1.60,12.90
73,5,wake,OK,wake,B_kick1_waitfor,1.60,2.02,0.90,3.20
73,5,wake,OK,wake,C_kick20_waitfor_total,37.80,47.10,5.10,95.80
73,5,wake,OK,wake,C_kick20_kick_part,37.20,45.71,4.50,94.70
