seq,round,bench,args,status,exit_code,wall_s,window_s,cores_by_times,cores_by_cycles,frame_median_us,frame_mean_us,frame_min_us,frame_p95_us,raw
1,0,prime-boid,"40 10",OK,0,9.422,0.033599,9.301,10.113,1080.80,1108.52,966.60,1271.70,raw/001_prime-boid.txt
2,0,prime-survivor,"100 900 small",OK,0,0.927,0.011985,5.215,4.631,112.50,119.04,41.20,213.50,raw/002_prime-survivor.txt
3,0,prime-wake,"20 0",OK,0,0.629,,,,,,,,raw/003_prime-wake.txt
4,1,boid,"300 30",OK,0,0.358,0.293507,12.883,10.749,1052.90,1078.54,898.60,1256.50,raw/004_boid.txt
5,1,small,"3000 900 small",OK,0,0.585,0.417804,5.273,4.428,131.80,138.86,22.10,224.00,raw/005_small.txt
6,1,large,"3000 900 large",OK,0,0.669,0.494120,4.174,4.427,158.20,164.38,79.40,247.80,raw/006_large.txt
7,2,boid,"300 30",OK,0,0.334,0.272643,8.138,9.852,961.20,1001.41,864.60,1256.90,raw/007_boid.txt
8,2,small,"3000 900 small",OK,0,0.553,0.384174,4.189,4.564,121.30,127.64,22.20,211.10,raw/008_small.txt
9,2,large,"3000 900 large",OK,0,0.641,0.477370,4.615,4.575,152.20,158.79,73.30,244.50,raw/009_large.txt
10,3,boid,"300 30",OK,0,0.336,0.277177,9.358,9.067,963.20,1018.28,871.30,1335.70,raw/010_boid.txt
11,3,small,"3000 900 small",OK,0,0.475,0.345112,5.026,4.814,108.00,114.65,22.40,193.50,raw/011_small.txt
12,3,large,"3000 900 large",OK,0,0.551,0.410759,6.124,5.004,128.40,136.61,55.40,215.50,raw/012_large.txt
13,4,boid,"300 30",OK,0,0.326,0.270437,8.435,9.754,959.40,993.32,850.00,1213.40,raw/013_boid.txt
14,4,small,"3000 900 small",OK,0,0.676,0.500750,3.932,3.869,159.00,166.23,23.60,249.70,raw/014_small.txt
15,4,large,"3000 900 large",OK,0,0.693,0.511491,4.032,4.299,161.60,170.15,74.50,263.00,raw/015_large.txt
16,5,boid,"300 30",OK,0,0.335,0.274981,9.546,9.456,972.30,1010.31,873.30,1250.00,raw/016_boid.txt
17,5,small,"3000 900 small",OK,0,0.535,0.389312,3.813,4.608,123.00,129.38,23.80,206.10,raw/017_small.txt
18,5,large,"3000 900 large",OK,0,0.670,0.493237,4.688,4.435,158.30,164.09,81.30,244.20,raw/018_large.txt
19,6,boid,"300 30",OK,0,0.329,0.266948,10.243,11.138,950.70,980.47,857.40,1170.20,raw/019_boid.txt
20,6,small,"3000 900 small",OK,0,0.498,0.361966,4.662,4.724,114.30,120.26,29.60,199.30,raw/020_small.txt
21,6,large,"3000 900 large",OK,0,0.659,0.483966,4.778,4.463,156.30,161.00,74.70,237.50,raw/021_large.txt
22,7,boid,"300 30",OK,0,0.339,0.279311,7.272,9.054,973.70,1026.34,877.50,1302.70,raw/022_boid.txt
23,7,small,"3000 900 small",OK,0,0.557,0.408830,3.937,4.403,131.00,135.86,24.10,209.30,raw/023_small.txt
24,7,large,"3000 900 large",OK,0,0.654,0.485435,4.056,4.523,156.40,161.45,75.80,239.90,raw/024_large.txt
25,8,boid,"300 30",OK,0,0.340,0.280325,9.364,8.852,978.80,1030.00,867.40,1326.20,raw/025_boid.txt
26,8,small,"3000 900 small",OK,0,0.557,0.409638,4.348,4.394,130.70,136.18,36.80,212.40,raw/026_small.txt
27,8,large,"3000 900 large",OK,0,0.686,0.504116,4.463,4.269,161.30,167.71,75.40,250.20,raw/027_large.txt
28,9,boid,"300 30",OK,0,0.336,0.276805,10.048,8.978,954.10,1016.98,874.90,1302.30,raw/028_boid.txt
29,9,small,"3000 900 small",OK,0,0.614,0.450922,3.846,4.249,144.10,149.87,50.20,225.00,raw/029_small.txt
30,9,large,"3000 900 large",OK,0,0.717,0.535766,3.733,3.835,170.40,178.22,84.10,260.70,raw/030_large.txt
31,10,boid,"300 30",OK,0,0.344,0.278685,8.522,8.780,977.70,1023.71,860.10,1301.40,raw/031_boid.txt
32,10,small,"3000 900 small",OK,0,0.657,0.482316,3.952,4.175,154.10,160.24,32.50,241.90,raw/032_small.txt
33,10,large,"3000 900 large",OK,0,0.692,0.508957,3.623,4.186,161.80,169.31,87.50,250.80,raw/033_large.txt
34,11,boid,"300 30",OK,0,0.339,0.281389,9.717,9.582,995.90,1033.70,866.30,1297.50,raw/034_boid.txt
35,11,small,"3000 900 small",OK,0,0.610,0.443738,3.873,4.288,142.10,147.46,22.30,231.90,raw/035_small.txt
36,11,large,"3000 900 large",OK,0,0.680,0.508320,4.211,4.417,162.90,169.12,73.50,251.90,raw/036_large.txt
37,12,boid,"300 30",OK,0,0.335,0.276485,9.607,9.105,971.90,1015.89,874.40,1291.20,raw/037_boid.txt
38,12,small,"3000 900 small",OK,0,0.645,0.475013,3.849,4.179,153.10,157.82,61.70,237.90,raw/038_small.txt
39,12,large,"3000 900 large",OK,0,0.704,0.523545,4.029,3.998,167.70,174.19,79.70,254.30,raw/039_large.txt
40,13,boid,"300 30",OK,0,0.321,0.263942,5.683,11.031,948.30,969.44,867.30,1151.00,raw/040_boid.txt
41,13,small,"3000 900 small",OK,0,0.649,0.477583,3.991,3.923,151.60,158.59,45.40,240.30,raw/041_small.txt
42,13,large,"3000 900 large",OK,0,0.683,0.509397,4.049,4.200,162.30,169.47,66.40,247.00,raw/042_large.txt
43,14,boid,"300 30",OK,0,0.333,0.273230,10.579,10.636,973.50,1003.69,872.00,1223.10,raw/043_boid.txt
44,14,small,"3000 900 small",OK,0,0.502,0.366308,5.247,4.615,116.30,121.75,24.50,198.80,raw/044_small.txt
45,14,large,"3000 900 large",OK,0,0.602,0.450032,4.826,4.761,143.70,149.71,70.90,225.70,raw/045_large.txt
46,15,boid,"300 30",OK,0,0.334,0.271531,10.473,9.318,950.10,997.60,865.30,1233.00,raw/046_boid.txt
47,15,small,"3000 900 small",OK,0,0.671,0.499287,4.100,3.884,159.60,165.77,22.50,253.70,raw/047_small.txt
48,15,large,"3000 900 large",OK,0,0.711,0.528777,4.019,3.846,166.30,175.94,76.80,267.00,raw/048_large.txt
49,16,boid,"300 30",OK,0,0.335,0.276785,10.161,9.181,968.10,1016.71,873.40,1293.40,raw/049_boid.txt
50,16,small,"3000 900 small",OK,0,0.654,0.481222,4.546,3.999,153.70,159.83,61.60,239.30,raw/050_small.txt
51,16,large,"3000 900 large",OK,0,0.684,0.507118,3.975,4.197,161.40,168.70,68.30,250.50,raw/051_large.txt
52,17,boid,"300 30",OK,0,0.323,0.264280,9.814,11.018,950.70,970.41,861.00,1124.30,raw/052_boid.txt
53,17,small,"3000 900 small",OK,0,0.523,0.378886,4.371,4.523,119.60,125.88,39.40,203.10,raw/053_small.txt
54,17,large,"3000 900 large",OK,0,0.680,0.503128,3.758,4.234,160.40,167.36,88.60,247.50,raw/054_large.txt
55,18,boid,"300 30",OK,0,0.330,0.270951,10.034,9.378,950.90,995.48,866.50,1241.20,raw/055_boid.txt
56,18,small,"3000 900 small",OK,0,0.614,0.449357,3.999,4.349,144.10,149.36,22.80,229.20,raw/056_small.txt
57,18,large,"3000 900 large",OK,0,0.660,0.497609,4.459,4.429,159.10,165.55,68.10,244.40,raw/057_large.txt
58,19,boid,"300 30",OK,0,0.340,0.280913,10.401,9.847,999.10,1032.24,873.20,1273.80,raw/058_boid.txt
59,19,small,"3000 900 small",OK,0,0.551,0.419896,3.423,4.313,126.90,139.52,21.70,257.40,raw/059_small.txt
60,19,large,"3000 900 large",OK,0,0.568,0.417312,5.279,4.960,131.10,138.79,60.30,217.50,raw/060_large.txt
61,20,boid,"300 30",OK,0,0.328,0.268230,11.301,11.260,964.10,985.08,863.20,1144.00,raw/061_boid.txt
62,20,small,"3000 900 small",OK,0,0.602,0.442384,4.592,4.265,142.00,147.01,25.20,223.50,raw/062_small.txt
63,20,large,"3000 900 large",OK,0,0.698,0.521856,4.401,4.118,165.90,173.62,70.00,257.70,raw/063_large.txt
64,1,boid-slow,"3300 3000",OK,0,3.908,0.407066,12.552,11.671,1281.40,1325.56,1097.20,1646.60,raw/064_boid-slow.txt
65,2,boid-slow,"3300 3000",OK,0,4.084,0.423413,12.694,11.952,1352.60,1379.98,1128.20,1693.90,raw/065_boid-slow.txt
66,3,boid-slow,"3300 3000",OK,0,4.239,0.426420,10.956,11.623,1356.00,1392.46,1093.40,1713.30,raw/066_boid-slow.txt
67,4,boid-slow,"3300 3000",OK,0,4.093,0.390465,15.566,12.020,1265.30,1276.77,1034.90,1505.90,raw/067_boid-slow.txt
68,5,boid-slow,"3300 3000",OK,0,3.956,0.406453,10.725,11.974,1292.80,1324.61,1073.00,1627.20,raw/068_boid-slow.txt
69,1,wake,"2000 200",OK,0,1.347,,,,,,,,raw/069_wake.txt
70,2,wake,"2000 200",OK,0,1.342,,,,,,,,raw/070_wake.txt
71,3,wake,"2000 200",OK,0,1.358,,,,,,,,raw/071_wake.txt
72,4,wake,"2000 200",OK,0,1.346,,,,,,,,raw/072_wake.txt
73,5,wake,"2000 200",OK,0,1.359,,,,,,,,raw/073_wake.txt
